level,wrap,routeLength,minSolutionBlocks,threshold,passingNonSolutions,passShareOfNonSolutions,solutionsShareOfPassing,meanDistPassing,meanDistFailing,shareDist1or2Passing,shareSmallerThanSmallestSolutionPassing,meanBlocksPassing
level6,true,16,4,0,0,0.0000,1.000000,NaN,4.250,NaN,NaN,NaN
level6,true,16,4,1,0,0.0000,1.000000,NaN,4.250,NaN,NaN,NaN
level6,true,16,4,2,3,0.0000,0.998498,1.667,4.250,0.6667,0.0000,6.000
level6,true,16,4,3,3,0.0000,0.998498,1.667,4.250,0.6667,0.0000,6.000
level6,true,16,4,4,3,0.0000,0.998498,1.667,4.250,0.6667,0.0000,6.000
level6,true,16,4,5,3,0.0000,0.998498,1.667,4.250,0.6667,0.0000,6.000
level6,true,16,4,6,3,0.0000,0.998498,1.667,4.250,0.6667,0.0000,6.000
level6,true,16,4,7,3,0.0000,0.998498,1.667,4.250,0.6667,0.0000,6.000
level6,true,16,4,8,12,0.0000,0.994021,1.667,4.250,0.7500,0.0000,6.000
level6,true,16,4,9,14,0.0000,0.993031,1.929,4.250,0.6429,0.0000,6.000
level6,true,16,4,10,23,0.0000,0.988603,2.304,4.250,0.5217,0.0000,6.000
level6,true,16,4,11,83,0.0000,0.960058,2.554,4.250,0.3614,0.0000,5.988
level6,true,16,4,12,142603,0.0309,0.013797,3.067,4.288,0.3050,0.0002,5.941
level6,true,16,4,13,165634,0.0359,0.011901,3.170,4.290,0.2699,0.0002,5.941
level6,true,16,4,14,283234,0.0614,0.006994,3.391,4.306,0.1963,0.0002,5.939
level6,true,16,4,15,789123,0.1712,0.002522,3.539,4.397,0.1451,0.0002,5.938
level6,true,16,4,16,4610474,1.0000,0.000433,4.250,NaN,0.0520,0.0002,5.937
