level,runIndex,seed,inputXmi,henshinModule,solutionLength,populationSize,maxEvaluations,solved,timeToFirstGoalMs,timeToFirstGoalSec,generationOfFirstGoal,evaluationsAtFirstGoal,wallTimeMs,wallTimeSec,outputDir
1,1,1,C:\Users\hfadhlil\blockly-maze-modeling\blocky_game\..\blocky_momot\model\input\1.xmi,statement_insertions_atomic_only.henshin,2,150,15000,true,70,0.070,1,150,2233,2.233,C:\Users\hfadhlil\blockly-maze-modeling\blocky_game\blocky_momot\output_fg_base_NSGA_II_x1_lvl1_run1
1,2,2,C:\Users\hfadhlil\blockly-maze-modeling\blocky_game\..\blocky_momot\model\input\1.xmi,statement_insertions_atomic_only.henshin,2,150,15000,true,1,0.001,1,150,583,0.583,C:\Users\hfadhlil\blockly-maze-modeling\blocky_game\blocky_momot\output_fg_base_NSGA_II_x1_lvl1_run2
1,3,3,C:\Users\hfadhlil\blockly-maze-modeling\blocky_game\..\blocky_momot\model\input\1.xmi,statement_insertions_atomic_only.henshin,2,150,15000,true,1,0.001,1,150,406,0.406,C:\Users\hfadhlil\blockly-maze-modeling\blocky_game\blocky_momot\output_fg_base_NSGA_II_x1_lvl1_run3
1,4,4,C:\Users\hfadhlil\blockly-maze-modeling\blocky_game\..\blocky_momot\model\input\1.xmi,statement_insertions_atomic_only.henshin,2,150,15000,true,1,0.001,1,150,1004,1.004,C:\Users\hfadhlil\blockly-maze-modeling\blocky_game\blocky_momot\output_fg_base_NSGA_II_x1_lvl1_run4
1,5,5,C:\Users\hfadhlil\blockly-maze-modeling\blocky_game\..\blocky_momot\model\input\1.xmi,statement_insertions_atomic_only.henshin,2,150,15000,true,1,0.001,1,150,424,0.424,C:\Users\hfadhlil\blockly-maze-modeling\blocky_game\blocky_momot\output_fg_base_NSGA_II_x1_lvl1_run5
1,6,6,C:\Users\hfadhlil\blockly-maze-modeling\blocky_game\..\blocky_momot\model\input\1.xmi,statement_insertions_atomic_only.henshin,2,150,15000,true,1,0.001,1,150,286,0.286,C:\Users\hfadhlil\blockly-maze-modeling\blocky_game\blocky_momot\output_fg_base_NSGA_II_x1_lvl1_run6
1,7,7,C:\Users\hfadhlil\blockly-maze-modeling\blocky_game\..\blocky_momot\model\input\1.xmi,statement_insertions_atomic_only.henshin,2,150,15000,true,1,0.001,1,150,407,0.407,C:\Users\hfadhlil\blockly-maze-modeling\blocky_game\blocky_momot\output_fg_base_NSGA_II_x1_lvl1_run7
1,8,8,C:\Users\hfadhlil\blockly-maze-modeling\blocky_game\..\blocky_momot\model\input\1.xmi,statement_insertions_atomic_only.henshin,2,150,15000,true,1,0.001,1,150,187,0.187,C:\Users\hfadhlil\blockly-maze-modeling\blocky_game\blocky_momot\output_fg_base_NSGA_II_x1_lvl1_run8
1,9,9,C:\Users\hfadhlil\blockly-maze-modeling\blocky_game\..\blocky_momot\model\input\1.xmi,statement_insertions_atomic_only.henshin,2,150,15000,true,2,0.002,1,150,293,0.293,C:\Users\hfadhlil\blockly-maze-modeling\blocky_game\blocky_momot\output_fg_base_NSGA_II_x1_lvl1_run9
1,10,10,C:\Users\hfadhlil\blockly-maze-modeling\blocky_game\..\blocky_momot\model\input\1.xmi,statement_insertions_atomic_only.henshin,2,150,15000,true,1,0.001,1,150,266,0.266,C:\Users\hfadhlil\blockly-maze-modeling\blocky_game\blocky_momot\output_fg_base_NSGA_II_x1_lvl1_run10
1,11,11,C:\Users\hfadhlil\blockly-maze-modeling\blocky_game\..\blocky_momot\model\input\1.xmi,statement_insertions_atomic_only.henshin,2,150,15000,true,1,0.001,1,150,444,0.444,C:\Users\hfadhlil\blockly-maze-modeling\blocky_game\blocky_momot\output_fg_base_NSGA_II_x1_lvl1_run11
1,12,12,C:\Users\hfadhlil\blockly-maze-modeling\blocky_game\..\blocky_momot\model\input\1.xmi,statement_insertions_atomic_only.henshin,2,150,15000,true,1,0.001,1,150,282,0.282,C:\Users\hfadhlil\blockly-maze-modeling\blocky_game\blocky_momot\output_fg_base_NSGA_II_x1_lvl1_run12
1,13,13,C:\Users\hfadhlil\blockly-maze-modeling\blocky_game\..\blocky_momot\model\input\1.xmi,statement_insertions_atomic_only.henshin,2,150,15000,true,1,0.001,1,150,209,0.209,C:\Users\hfadhlil\blockly-maze-modeling\blocky_game\blocky_momot\output_fg_base_NSGA_II_x1_lvl1_run13
1,14,14,C:\Users\hfadhlil\blockly-maze-modeling\blocky_game\..\blocky_momot\model\input\1.xmi,statement_insertions_atomic_only.henshin,2,150,15000,true,1,0.001,1,150,234,0.234,C:\Users\hfadhlil\blockly-maze-modeling\blocky_game\blocky_momot\output_fg_base_NSGA_II_x1_lvl1_run14
1,15,15,C:\Users\hfadhlil\blockly-maze-modeling\blocky_game\..\blocky_momot\model\input\1.xmi,statement_insertions_atomic_only.henshin,2,150,15000,true,1,0.001,1,150,175,0.175,C:\Users\hfadhlil\blockly-maze-modeling\blocky_game\blocky_momot\output_fg_base_NSGA_II_x1_lvl1_run15
1,16,16,C:\Users\hfadhlil\blockly-maze-modeling\blocky_game\..\blocky_momot\model\input\1.xmi,statement_insertions_atomic_only.henshin,2,150,15000,true,1,0.001,1,150,202,0.202,C:\Users\hfadhlil\blockly-maze-modeling\blocky_game\blocky_momot\output_fg_base_NSGA_II_x1_lvl1_run16
1,17,17,C:\Users\hfadhlil\blockly-maze-modeling\blocky_game\..\blocky_momot\model\input\1.xmi,statement_insertions_atomic_only.henshin,2,150,15000,true,1,0.001,1,150,202,0.202,C:\Users\hfadhlil\blockly-maze-modeling\blocky_game\blocky_momot\output_fg_base_NSGA_II_x1_lvl1_run17
1,18,18,C:\Users\hfadhlil\blockly-maze-modeling\blocky_game\..\blocky_momot\model\input\1.xmi,statement_insertions_atomic_only.henshin,2,150,15000,true,1,0.001,1,150,230,0.230,C:\Users\hfadhlil\blockly-maze-modeling\blocky_game\blocky_momot\output_fg_base_NSGA_II_x1_lvl1_run18
1,19,19,C:\Users\hfadhlil\blockly-maze-modeling\blocky_game\..\blocky_momot\model\input\1.xmi,statement_insertions_atomic_only.henshin,2,150,15000,true,2,0.002,1,150,247,0.247,C:\Users\hfadhlil\blockly-maze-modeling\blocky_game\blocky_momot\output_fg_base_NSGA_II_x1_lvl1_run19
1,20,20,C:\Users\hfadhlil\blockly-maze-modeling\blocky_game\..\blocky_momot\model\input\1.xmi,statement_insertions_atomic_only.henshin,2,150,15000,true,1,0.001,1,150,395,0.395,C:\Users\hfadhlil\blockly-maze-modeling\blocky_game\blocky_momot\output_fg_base_NSGA_II_x1_lvl1_run20
2,1,1,C:\Users\hfadhlil\blockly-maze-modeling\blocky_game\..\blocky_momot\model\input\2.xmi,statement_insertions_atomic_only.henshin,8,150,15000,true,1,0.001,1,150,649,0.649,C:\Users\hfadhlil\blockly-maze-modeling\blocky_game\blocky_momot\output_fg_base_NSGA_II_x1_lvl2_run1
2,2,2,C:\Users\hfadhlil\blockly-maze-modeling\blocky_game\..\blocky_momot\model\input\2.xmi,statement_insertions_atomic_only.henshin,8,150,15000,true,1,0.001,1,150,699,0.699,C:\Users\hfadhlil\blockly-maze-modeling\blocky_game\blocky_momot\output_fg_base_NSGA_II_x1_lvl2_run2
2,3,3,C:\Users\hfadhlil\blockly-maze-modeling\blocky_game\..\blocky_momot\model\input\2.xmi,statement_insertions_atomic_only.henshin,8,150,15000,true,1,0.001,1,150,631,0.631,C:\Users\hfadhlil\blockly-maze-modeling\blocky_game\blocky_momot\output_fg_base_NSGA_II_x1_lvl2_run3
2,4,4,C:\Users\hfadhlil\blockly-maze-modeling\blocky_game\..\blocky_momot\model\input\2.xmi,statement_insertions_atomic_only.henshin,8,150,15000,true,362,0.362,2,300,891,0.891,C:\Users\hfadhlil\blockly-maze-modeling\blocky_game\blocky_momot\output_fg_base_NSGA_II_x1_lvl2_run4
2,5,5,C:\Users\hfadhlil\blockly-maze-modeling\blocky_game\..\blocky_momot\model\input\2.xmi,statement_insertions_atomic_only.henshin,8,150,15000,true,1,0.001,1,150,526,0.526,C:\Users\hfadhlil\blockly-maze-modeling\blocky_game\blocky_momot\output_fg_base_NSGA_II_x1_lvl2_run5
2,6,6,C:\Users\hfadhlil\blockly-maze-modeling\blocky_game\..\blocky_momot\model\input\2.xmi,statement_insertions_atomic_only.henshin,8,150,15000,true,1,0.001,1,150,477,0.477,C:\Users\hfadhlil\blockly-maze-modeling\blocky_game\blocky_momot\output_fg_base_NSGA_II_x1_lvl2_run6
2,7,7,C:\Users\hfadhlil\blockly-maze-modeling\blocky_game\..\blocky_momot\model\input\2.xmi,statement_insertions_atomic_only.henshin,8,150,15000,true,410,0.410,3,450,765,0.765,C:\Users\hfadhlil\blockly-maze-modeling\blocky_game\blocky_momot\output_fg_base_NSGA_II_x1_lvl2_run7
2,8,8,C:\Users\hfadhlil\blockly-maze-modeling\blocky_game\..\blocky_momot\model\input\2.xmi,statement_insertions_atomic_only.henshin,8,150,15000,true,1,0.001,1,150,344,0.344,C:\Users\hfadhlil\blockly-maze-modeling\blocky_game\blocky_momot\output_fg_base_NSGA_II_x1_lvl2_run8
2,9,9,C:\Users\hfadhlil\blockly-maze-modeling\blocky_game\..\blocky_momot\model\input\2.xmi,statement_insertions_atomic_only.henshin,8,150,15000,true,1,0.001,1,150,395,0.395,C:\Users\hfadhlil\blockly-maze-modeling\blocky_game\blocky_momot\output_fg_base_NSGA_II_x1_lvl2_run9
2,10,10,C:\Users\hfadhlil\blockly-maze-modeling\blocky_game\..\blocky_momot\model\input\2.xmi,statement_insertions_atomic_only.henshin,8,150,15000,true,1,0.001,1,150,387,0.387,C:\Users\hfadhlil\blockly-maze-modeling\blocky_game\blocky_momot\output_fg_base_NSGA_II_x1_lvl2_run10
2,11,11,C:\Users\hfadhlil\blockly-maze-modeling\blocky_game\..\blocky_momot\model\input\2.xmi,statement_insertions_atomic_only.henshin,8,150,15000,true,1,0.001,1,150,401,0.401,C:\Users\hfadhlil\blockly-maze-modeling\blocky_game\blocky_momot\output_fg_base_NSGA_II_x1_lvl2_run11
2,12,12,C:\Users\hfadhlil\blockly-maze-modeling\blocky_game\..\blocky_momot\model\input\2.xmi,statement_insertions_atomic_only.henshin,8,150,15000,true,1,0.001,1,150,328,0.328,C:\Users\hfadhlil\blockly-maze-modeling\blocky_game\blocky_momot\output_fg_base_NSGA_II_x1_lvl2_run12
2,13,13,C:\Users\hfadhlil\blockly-maze-modeling\blocky_game\..\blocky_momot\model\input\2.xmi,statement_insertions_atomic_only.henshin,8,150,15000,true,375,0.375,3,450,690,0.690,C:\Users\hfadhlil\blockly-maze-modeling\blocky_game\blocky_momot\output_fg_base_NSGA_II_x1_lvl2_run13
2,14,14,C:\Users\hfadhlil\blockly-maze-modeling\blocky_game\..\blocky_momot\model\input\2.xmi,statement_insertions_atomic_only.henshin,8,150,15000,true,1,0.001,1,150,380,0.380,C:\Users\hfadhlil\blockly-maze-modeling\blocky_game\blocky_momot\output_fg_base_NSGA_II_x1_lvl2_run14
2,15,15,C:\Users\hfadhlil\blockly-maze-modeling\blocky_game\..\blocky_momot\model\input\2.xmi,statement_insertions_atomic_only.henshin,8,150,15000,true,1,0.001,1,150,317,0.317,C:\Users\hfadhlil\blockly-maze-modeling\blocky_game\blocky_momot\output_fg_base_NSGA_II_x1_lvl2_run15
2,16,16,C:\Users\hfadhlil\blockly-maze-modeling\blocky_game\..\blocky_momot\model\input\2.xmi,statement_insertions_atomic_only.henshin,8,150,15000,true,1,0.001,1,150,343,0.343,C:\Users\hfadhlil\blockly-maze-modeling\blocky_game\blocky_momot\output_fg_base_NSGA_II_x1_lvl2_run16
2,17,17,C:\Users\hfadhlil\blockly-maze-modeling\blocky_game\..\blocky_momot\model\input\2.xmi,statement_insertions_atomic_only.henshin,8,150,15000,true,1,0.001,1,150,374,0.374,C:\Users\hfadhlil\blockly-maze-modeling\blocky_game\blocky_momot\output_fg_base_NSGA_II_x1_lvl2_run17
2,18,18,C:\Users\hfadhlil\blockly-maze-modeling\blocky_game\..\blocky_momot\model\input\2.xmi,statement_insertions_atomic_only.henshin,8,150,15000,true,1,0.001,1,150,348,0.348,C:\Users\hfadhlil\blockly-maze-modeling\blocky_game\blocky_momot\output_fg_base_NSGA_II_x1_lvl2_run18
2,19,19,C:\Users\hfadhlil\blockly-maze-modeling\blocky_game\..\blocky_momot\model\input\2.xmi,statement_insertions_atomic_only.henshin,8,150,15000,true,1,0.001,1,150,318,0.318,C:\Users\hfadhlil\blockly-maze-modeling\blocky_game\blocky_momot\output_fg_base_NSGA_II_x1_lvl2_run19
2,20,20,C:\Users\hfadhlil\blockly-maze-modeling\blocky_game\..\blocky_momot\model\input\2.xmi,statement_insertions_atomic_only.henshin,8,150,15000,true,1,0.001,1,150,352,0.352,C:\Users\hfadhlil\blockly-maze-modeling\blocky_game\blocky_momot\output_fg_base_NSGA_II_x1_lvl2_run20
3,1,1,C:\Users\hfadhlil\blockly-maze-modeling\blocky_game\..\blocky_momot\model\input\3.xmi,statement_insertions_no_conds.henshin,2,150,15000,true,1,0.001,1,150,196,0.196,C:\Users\hfadhlil\blockly-maze-modeling\blocky_game\blocky_momot\output_fg_base_NSGA_II_x1_lvl3_run1
3,2,2,C:\Users\hfadhlil\blockly-maze-modeling\blocky_game\..\blocky_momot\model\input\3.xmi,statement_insertions_no_conds.henshin,2,150,15000,true,65,0.065,2,300,247,0.247,C:\Users\hfadhlil\blockly-maze-modeling\blocky_game\blocky_momot\output_fg_base_NSGA_II_x1_lvl3_run2
3,3,3,C:\Users\hfadhlil\blockly-maze-modeling\blocky_game\..\blocky_momot\model\input\3.xmi,statement_insertions_no_conds.henshin,2,150,15000,true,1,0.001,1,150,147,0.147,C:\Users\hfadhlil\blockly-maze-modeling\blocky_game\blocky_momot\output_fg_base_NSGA_II_x1_lvl3_run3
3,4,4,C:\Users\hfadhlil\blockly-maze-modeling\blocky_game\..\blocky_momot\model\input\3.xmi,statement_insertions_no_conds.henshin,2,150,15000,true,1,0.001,1,150,114,0.114,C:\Users\hfadhlil\blockly-maze-modeling\blocky_game\blocky_momot\output_fg_base_NSGA_II_x1_lvl3_run4
3,5,5,C:\Users\hfadhlil\blockly-maze-modeling\blocky_game\..\blocky_momot\model\input\3.xmi,statement_insertions_no_conds.henshin,2,150,15000,true,1,0.001,1,150,140,0.140,C:\Users\hfadhlil\blockly-maze-modeling\blocky_game\blocky_momot\output_fg_base_NSGA_II_x1_lvl3_run5
3,6,6,C:\Users\hfadhlil\blockly-maze-modeling\blocky_game\..\blocky_momot\model\input\3.xmi,statement_insertions_no_conds.henshin,2,150,15000,true,63,0.063,2,300,197,0.197,C:\Users\hfadhlil\blockly-maze-modeling\blocky_game\blocky_momot\output_fg_base_NSGA_II_x1_lvl3_run6
3,7,7,C:\Users\hfadhlil\blockly-maze-modeling\blocky_game\..\blocky_momot\model\input\3.xmi,statement_insertions_no_conds.henshin,2,150,15000,true,1,0.001,1,150,135,0.135,C:\Users\hfadhlil\blockly-maze-modeling\blocky_game\blocky_momot\output_fg_base_NSGA_II_x1_lvl3_run7
3,8,8,C:\Users\hfadhlil\blockly-maze-modeling\blocky_game\..\blocky_momot\model\input\3.xmi,statement_insertions_no_conds.henshin,2,150,15000,true,2,0.002,1,150,137,0.137,C:\Users\hfadhlil\blockly-maze-modeling\blocky_game\blocky_momot\output_fg_base_NSGA_II_x1_lvl3_run8
3,9,9,C:\Users\hfadhlil\blockly-maze-modeling\blocky_game\..\blocky_momot\model\input\3.xmi,statement_insertions_no_conds.henshin,2,150,15000,true,1,0.001,1,150,127,0.127,C:\Users\hfadhlil\blockly-maze-modeling\blocky_game\blocky_momot\output_fg_base_NSGA_II_x1_lvl3_run9
3,10,10,C:\Users\hfadhlil\blockly-maze-modeling\blocky_game\..\blocky_momot\model\input\3.xmi,statement_insertions_no_conds.henshin,2,150,15000,true,1,0.001,1,150,187,0.187,C:\Users\hfadhlil\blockly-maze-modeling\blocky_game\blocky_momot\output_fg_base_NSGA_II_x1_lvl3_run10
3,11,11,C:\Users\hfadhlil\blockly-maze-modeling\blocky_game\..\blocky_momot\model\input\3.xmi,statement_insertions_no_conds.henshin,2,150,15000,true,1,0.001,1,150,146,0.146,C:\Users\hfadhlil\blockly-maze-modeling\blocky_game\blocky_momot\output_fg_base_NSGA_II_x1_lvl3_run11
3,12,12,C:\Users\hfadhlil\blockly-maze-modeling\blocky_game\..\blocky_momot\model\input\3.xmi,statement_insertions_no_conds.henshin,2,150,15000,true,1,0.001,1,150,125,0.125,C:\Users\hfadhlil\blockly-maze-modeling\blocky_game\blocky_momot\output_fg_base_NSGA_II_x1_lvl3_run12
3,13,13,C:\Users\hfadhlil\blockly-maze-modeling\blocky_game\..\blocky_momot\model\input\3.xmi,statement_insertions_no_conds.henshin,2,150,15000,true,1,0.001,1,150,170,0.170,C:\Users\hfadhlil\blockly-maze-modeling\blocky_game\blocky_momot\output_fg_base_NSGA_II_x1_lvl3_run13
3,14,14,C:\Users\hfadhlil\blockly-maze-modeling\blocky_game\..\blocky_momot\model\input\3.xmi,statement_insertions_no_conds.henshin,2,150,15000,true,1,0.001,1,150,147,0.147,C:\Users\hfadhlil\blockly-maze-modeling\blocky_game\blocky_momot\output_fg_base_NSGA_II_x1_lvl3_run14
3,15,15,C:\Users\hfadhlil\blockly-maze-modeling\blocky_game\..\blocky_momot\model\input\3.xmi,statement_insertions_no_conds.henshin,2,150,15000,true,61,0.061,2,300,200,0.200,C:\Users\hfadhlil\blockly-maze-modeling\blocky_game\blocky_momot\output_fg_base_NSGA_II_x1_lvl3_run15
3,16,16,C:\Users\hfadhlil\blockly-maze-modeling\blocky_game\..\blocky_momot\model\input\3.xmi,statement_insertions_no_conds.henshin,2,150,15000,true,1,0.001,1,150,131,0.131,C:\Users\hfadhlil\blockly-maze-modeling\blocky_game\blocky_momot\output_fg_base_NSGA_II_x1_lvl3_run16
3,17,17,C:\Users\hfadhlil\blockly-maze-modeling\blocky_game\..\blocky_momot\model\input\3.xmi,statement_insertions_no_conds.henshin,2,150,15000,true,1,0.001,1,150,122,0.122,C:\Users\hfadhlil\blockly-maze-modeling\blocky_game\blocky_momot\output_fg_base_NSGA_II_x1_lvl3_run17
3,18,18,C:\Users\hfadhlil\blockly-maze-modeling\blocky_game\..\blocky_momot\model\input\3.xmi,statement_insertions_no_conds.henshin,2,150,15000,true,1,0.001,1,150,142,0.142,C:\Users\hfadhlil\blockly-maze-modeling\blocky_game\blocky_momot\output_fg_base_NSGA_II_x1_lvl3_run18
3,19,19,C:\Users\hfadhlil\blockly-maze-modeling\blocky_game\..\blocky_momot\model\input\3.xmi,statement_insertions_no_conds.henshin,2,150,15000,true,1,0.001,1,150,159,0.159,C:\Users\hfadhlil\blockly-maze-modeling\blocky_game\blocky_momot\output_fg_base_NSGA_II_x1_lvl3_run19
3,20,20,C:\Users\hfadhlil\blockly-maze-modeling\blocky_game\..\blocky_momot\model\input\3.xmi,statement_insertions_no_conds.henshin,2,150,15000,true,1,0.001,1,150,136,0.136,C:\Users\hfadhlil\blockly-maze-modeling\blocky_game\blocky_momot\output_fg_base_NSGA_II_x1_lvl3_run20
4,1,1,C:\Users\hfadhlil\blockly-maze-modeling\blocky_game\..\blocky_momot\model\input\4.xmi,statement_insertions_no_conds.henshin,11,150,15000,false,,,,,5995,5.995,C:\Users\hfadhlil\blockly-maze-modeling\blocky_game\blocky_momot\output_fg_base_NSGA_II_x1_lvl4_run1
4,2,2,C:\Users\hfadhlil\blockly-maze-modeling\blocky_game\..\blocky_momot\model\input\4.xmi,statement_insertions_no_conds.henshin,11,150,15000,false,,,,,5521,5.521,C:\Users\hfadhlil\blockly-maze-modeling\blocky_game\blocky_momot\output_fg_base_NSGA_II_x1_lvl4_run2
4,3,3,C:\Users\hfadhlil\blockly-maze-modeling\blocky_game\..\blocky_momot\model\input\4.xmi,statement_insertions_no_conds.henshin,11,150,15000,false,,,,,4744,4.744,C:\Users\hfadhlil\blockly-maze-modeling\blocky_game\blocky_momot\output_fg_base_NSGA_II_x1_lvl4_run3
4,4,4,C:\Users\hfadhlil\blockly-maze-modeling\blocky_game\..\blocky_momot\model\input\4.xmi,statement_insertions_no_conds.henshin,11,150,15000,false,,,,,4873,4.873,C:\Users\hfadhlil\blockly-maze-modeling\blocky_game\blocky_momot\output_fg_base_NSGA_II_x1_lvl4_run4
4,5,5,C:\Users\hfadhlil\blockly-maze-modeling\blocky_game\..\blocky_momot\model\input\4.xmi,statement_insertions_no_conds.henshin,11,150,15000,false,,,,,4565,4.565,C:\Users\hfadhlil\blockly-maze-modeling\blocky_game\blocky_momot\output_fg_base_NSGA_II_x1_lvl4_run5
4,6,6,C:\Users\hfadhlil\blockly-maze-modeling\blocky_game\..\blocky_momot\model\input\4.xmi,statement_insertions_no_conds.henshin,11,150,15000,false,,,,,4805,4.805,C:\Users\hfadhlil\blockly-maze-modeling\blocky_game\blocky_momot\output_fg_base_NSGA_II_x1_lvl4_run6
4,7,7,C:\Users\hfadhlil\blockly-maze-modeling\blocky_game\..\blocky_momot\model\input\4.xmi,statement_insertions_no_conds.henshin,11,150,15000,false,,,,,4695,4.695,C:\Users\hfadhlil\blockly-maze-modeling\blocky_game\blocky_momot\output_fg_base_NSGA_II_x1_lvl4_run7
4,8,8,C:\Users\hfadhlil\blockly-maze-modeling\blocky_game\..\blocky_momot\model\input\4.xmi,statement_insertions_no_conds.henshin,11,150,15000,false,,,,,4852,4.852,C:\Users\hfadhlil\blockly-maze-modeling\blocky_game\blocky_momot\output_fg_base_NSGA_II_x1_lvl4_run8
4,9,9,C:\Users\hfadhlil\blockly-maze-modeling\blocky_game\..\blocky_momot\model\input\4.xmi,statement_insertions_no_conds.henshin,11,150,15000,false,,,,,4734,4.734,C:\Users\hfadhlil\blockly-maze-modeling\blocky_game\blocky_momot\output_fg_base_NSGA_II_x1_lvl4_run9
4,10,10,C:\Users\hfadhlil\blockly-maze-modeling\blocky_game\..\blocky_momot\model\input\4.xmi,statement_insertions_no_conds.henshin,11,150,15000,false,,,,,4446,4.446,C:\Users\hfadhlil\blockly-maze-modeling\blocky_game\blocky_momot\output_fg_base_NSGA_II_x1_lvl4_run10
4,11,11,C:\Users\hfadhlil\blockly-maze-modeling\blocky_game\..\blocky_momot\model\input\4.xmi,statement_insertions_no_conds.henshin,11,150,15000,false,,,,,4454,4.454,C:\Users\hfadhlil\blockly-maze-modeling\blocky_game\blocky_momot\output_fg_base_NSGA_II_x1_lvl4_run11
4,12,12,C:\Users\hfadhlil\blockly-maze-modeling\blocky_game\..\blocky_momot\model\input\4.xmi,statement_insertions_no_conds.henshin,11,150,15000,false,,,,,4857,4.857,C:\Users\hfadhlil\blockly-maze-modeling\blocky_game\blocky_momot\output_fg_base_NSGA_II_x1_lvl4_run12
4,13,13,C:\Users\hfadhlil\blockly-maze-modeling\blocky_game\..\blocky_momot\model\input\4.xmi,statement_insertions_no_conds.henshin,11,150,15000,false,,,,,5196,5.196,C:\Users\hfadhlil\blockly-maze-modeling\blocky_game\blocky_momot\output_fg_base_NSGA_II_x1_lvl4_run13
4,14,14,C:\Users\hfadhlil\blockly-maze-modeling\blocky_game\..\blocky_momot\model\input\4.xmi,statement_insertions_no_conds.henshin,11,150,15000,false,,,,,6697,6.697,C:\Users\hfadhlil\blockly-maze-modeling\blocky_game\blocky_momot\output_fg_base_NSGA_II_x1_lvl4_run14
4,15,15,C:\Users\hfadhlil\blockly-maze-modeling\blocky_game\..\blocky_momot\model\input\4.xmi,statement_insertions_no_conds.henshin,11,150,15000,false,,,,,7761,7.761,C:\Users\hfadhlil\blockly-maze-modeling\blocky_game\blocky_momot\output_fg_base_NSGA_II_x1_lvl4_run15
4,16,16,C:\Users\hfadhlil\blockly-maze-modeling\blocky_game\..\blocky_momot\model\input\4.xmi,statement_insertions_no_conds.henshin,11,150,15000,false,,,,,6607,6.607,C:\Users\hfadhlil\blockly-maze-modeling\blocky_game\blocky_momot\output_fg_base_NSGA_II_x1_lvl4_run16
4,17,17,C:\Users\hfadhlil\blockly-maze-modeling\blocky_game\..\blocky_momot\model\input\4.xmi,statement_insertions_no_conds.henshin,11,150,15000,false,,,,,4923,4.923,C:\Users\hfadhlil\blockly-maze-modeling\blocky_game\blocky_momot\output_fg_base_NSGA_II_x1_lvl4_run17
4,18,18,C:\Users\hfadhlil\blockly-maze-modeling\blocky_game\..\blocky_momot\model\input\4.xmi,statement_insertions_no_conds.henshin,11,150,15000,false,,,,,5574,5.574,C:\Users\hfadhlil\blockly-maze-modeling\blocky_game\blocky_momot\output_fg_base_NSGA_II_x1_lvl4_run18
4,19,19,C:\Users\hfadhlil\blockly-maze-modeling\blocky_game\..\blocky_momot\model\input\4.xmi,statement_insertions_no_conds.henshin,11,150,15000,false,,,,,5507,5.507,C:\Users\hfadhlil\blockly-maze-modeling\blocky_game\blocky_momot\output_fg_base_NSGA_II_x1_lvl4_run19
4,20,20,C:\Users\hfadhlil\blockly-maze-modeling\blocky_game\..\blocky_momot\model\input\4.xmi,statement_insertions_no_conds.henshin,11,150,15000,false,,,,,5976,5.976,C:\Users\hfadhlil\blockly-maze-modeling\blocky_game\blocky_momot\output_fg_base_NSGA_II_x1_lvl4_run20
5,1,1,C:\Users\hfadhlil\blockly-maze-modeling\blocky_game\..\blocky_momot\model\input\5.xmi,statement_insertions_no_conds.henshin,8,150,15000,false,,,,,4606,4.606,C:\Users\hfadhlil\blockly-maze-modeling\blocky_game\blocky_momot\output_fg_base_NSGA_II_x1_lvl5_run1
5,2,2,C:\Users\hfadhlil\blockly-maze-modeling\blocky_game\..\blocky_momot\model\input\5.xmi,statement_insertions_no_conds.henshin,8,150,15000,false,,,,,4627,4.627,C:\Users\hfadhlil\blockly-maze-modeling\blocky_game\blocky_momot\output_fg_base_NSGA_II_x1_lvl5_run2
5,3,3,C:\Users\hfadhlil\blockly-maze-modeling\blocky_game\..\blocky_momot\model\input\5.xmi,statement_insertions_no_conds.henshin,8,150,15000,false,,,,,4118,4.118,C:\Users\hfadhlil\blockly-maze-modeling\blocky_game\blocky_momot\output_fg_base_NSGA_II_x1_lvl5_run3
5,4,4,C:\Users\hfadhlil\blockly-maze-modeling\blocky_game\..\blocky_momot\model\input\5.xmi,statement_insertions_no_conds.henshin,8,150,15000,false,,,,,4642,4.642,C:\Users\hfadhlil\blockly-maze-modeling\blocky_game\blocky_momot\output_fg_base_NSGA_II_x1_lvl5_run4
5,5,5,C:\Users\hfadhlil\blockly-maze-modeling\blocky_game\..\blocky_momot\model\input\5.xmi,statement_insertions_no_conds.henshin,8,150,15000,false,,,,,4462,4.462,C:\Users\hfadhlil\blockly-maze-modeling\blocky_game\blocky_momot\output_fg_base_NSGA_II_x1_lvl5_run5
5,6,6,C:\Users\hfadhlil\blockly-maze-modeling\blocky_game\..\blocky_momot\model\input\5.xmi,statement_insertions_no_conds.henshin,8,150,15000,true,1355,1.355,9,1350,1637,1.637,C:\Users\hfadhlil\blockly-maze-modeling\blocky_game\blocky_momot\output_fg_base_NSGA_II_x1_lvl5_run6
5,7,7,C:\Users\hfadhlil\blockly-maze-modeling\blocky_game\..\blocky_momot\model\input\5.xmi,statement_insertions_no_conds.henshin,8,150,15000,false,,,,,4451,4.451,C:\Users\hfadhlil\blockly-maze-modeling\blocky_game\blocky_momot\output_fg_base_NSGA_II_x1_lvl5_run7
5,8,8,C:\Users\hfadhlil\blockly-maze-modeling\blocky_game\..\blocky_momot\model\input\5.xmi,statement_insertions_no_conds.henshin,8,150,15000,false,,,,,4551,4.551,C:\Users\hfadhlil\blockly-maze-modeling\blocky_game\blocky_momot\output_fg_base_NSGA_II_x1_lvl5_run8
5,9,9,C:\Users\hfadhlil\blockly-maze-modeling\blocky_game\..\blocky_momot\model\input\5.xmi,statement_insertions_no_conds.henshin,8,150,15000,true,700,0.700,5,750,1018,1.018,C:\Users\hfadhlil\blockly-maze-modeling\blocky_game\blocky_momot\output_fg_base_NSGA_II_x1_lvl5_run9
5,10,10,C:\Users\hfadhlil\blockly-maze-modeling\blocky_game\..\blocky_momot\model\input\5.xmi,statement_insertions_no_conds.henshin,8,150,15000,true,221,0.221,2,300,494,0.494,C:\Users\hfadhlil\blockly-maze-modeling\blocky_game\blocky_momot\output_fg_base_NSGA_II_x1_lvl5_run10
5,11,11,C:\Users\hfadhlil\blockly-maze-modeling\blocky_game\..\blocky_momot\model\input\5.xmi,statement_insertions_no_conds.henshin,8,150,15000,false,,,,,4529,4.529,C:\Users\hfadhlil\blockly-maze-modeling\blocky_game\blocky_momot\output_fg_base_NSGA_II_x1_lvl5_run11
5,12,12,C:\Users\hfadhlil\blockly-maze-modeling\blocky_game\..\blocky_momot\model\input\5.xmi,statement_insertions_no_conds.henshin,8,150,15000,true,132,0.132,2,300,382,0.382,C:\Users\hfadhlil\blockly-maze-modeling\blocky_game\blocky_momot\output_fg_base_NSGA_II_x1_lvl5_run12
5,13,13,C:\Users\hfadhlil\blockly-maze-modeling\blocky_game\..\blocky_momot\model\input\5.xmi,statement_insertions_no_conds.henshin,8,150,15000,false,,,,,4379,4.379,C:\Users\hfadhlil\blockly-maze-modeling\blocky_game\blocky_momot\output_fg_base_NSGA_II_x1_lvl5_run13
5,14,14,C:\Users\hfadhlil\blockly-maze-modeling\blocky_game\..\blocky_momot\model\input\5.xmi,statement_insertions_no_conds.henshin,8,150,15000,true,928,0.928,6,900,1210,1.210,C:\Users\hfadhlil\blockly-maze-modeling\blocky_game\blocky_momot\output_fg_base_NSGA_II_x1_lvl5_run14
5,15,15,C:\Users\hfadhlil\blockly-maze-modeling\blocky_game\..\blocky_momot\model\input\5.xmi,statement_insertions_no_conds.henshin,8,150,15000,false,,,,,4395,4.395,C:\Users\hfadhlil\blockly-maze-modeling\blocky_game\blocky_momot\output_fg_base_NSGA_II_x1_lvl5_run15
5,16,16,C:\Users\hfadhlil\blockly-maze-modeling\blocky_game\..\blocky_momot\model\input\5.xmi,statement_insertions_no_conds.henshin,8,150,15000,false,,,,,4412,4.412,C:\Users\hfadhlil\blockly-maze-modeling\blocky_game\blocky_momot\output_fg_base_NSGA_II_x1_lvl5_run16
5,17,17,C:\Users\hfadhlil\blockly-maze-modeling\blocky_game\..\blocky_momot\model\input\5.xmi,statement_insertions_no_conds.henshin,8,150,15000,false,,,,,4255,4.255,C:\Users\hfadhlil\blockly-maze-modeling\blocky_game\blocky_momot\output_fg_base_NSGA_II_x1_lvl5_run17
5,18,18,C:\Users\hfadhlil\blockly-maze-modeling\blocky_game\..\blocky_momot\model\input\5.xmi,statement_insertions_no_conds.henshin,8,150,15000,false,,,,,4517,4.517,C:\Users\hfadhlil\blockly-maze-modeling\blocky_game\blocky_momot\output_fg_base_NSGA_II_x1_lvl5_run18
5,19,19,C:\Users\hfadhlil\blockly-maze-modeling\blocky_game\..\blocky_momot\model\input\5.xmi,statement_insertions_no_conds.henshin,8,150,15000,false,,,,,4618,4.618,C:\Users\hfadhlil\blockly-maze-modeling\blocky_game\blocky_momot\output_fg_base_NSGA_II_x1_lvl5_run19
5,20,20,C:\Users\hfadhlil\blockly-maze-modeling\blocky_game\..\blocky_momot\model\input\5.xmi,statement_insertions_no_conds.henshin,8,150,15000,false,,,,,4462,4.462,C:\Users\hfadhlil\blockly-maze-modeling\blocky_game\blocky_momot\output_fg_base_NSGA_II_x1_lvl5_run20
6,1,1,C:\Users\hfadhlil\blockly-maze-modeling\blocky_game\..\blocky_momot\model\input\6.xmi,statement_insertions_no_else.henshin,10,150,15000,true,903,0.903,5,750,1358,1.358,C:\Users\hfadhlil\blockly-maze-modeling\blocky_game\blocky_momot\output_fg_base_NSGA_II_x1_lvl6_run1
6,2,2,C:\Users\hfadhlil\blockly-maze-modeling\blocky_game\..\blocky_momot\model\input\6.xmi,statement_insertions_no_else.henshin,10,150,15000,false,,,,,5410,5.410,C:\Users\hfadhlil\blockly-maze-modeling\blocky_game\blocky_momot\output_fg_base_NSGA_II_x1_lvl6_run2
6,3,3,C:\Users\hfadhlil\blockly-maze-modeling\blocky_game\..\blocky_momot\model\input\6.xmi,statement_insertions_no_else.henshin,10,150,15000,false,,,,,5869,5.869,C:\Users\hfadhlil\blockly-maze-modeling\blocky_game\blocky_momot\output_fg_base_NSGA_II_x1_lvl6_run3
6,4,4,C:\Users\hfadhlil\blockly-maze-modeling\blocky_game\..\blocky_momot\model\input\6.xmi,statement_insertions_no_else.henshin,10,150,15000,false,,,,,5310,5.310,C:\Users\hfadhlil\blockly-maze-modeling\blocky_game\blocky_momot\output_fg_base_NSGA_II_x1_lvl6_run4
6,5,5,C:\Users\hfadhlil\blockly-maze-modeling\blocky_game\..\blocky_momot\model\input\6.xmi,statement_insertions_no_else.henshin,10,150,15000,false,,,,,5740,5.740,C:\Users\hfadhlil\blockly-maze-modeling\blocky_game\blocky_momot\output_fg_base_NSGA_II_x1_lvl6_run5
6,6,6,C:\Users\hfadhlil\blockly-maze-modeling\blocky_game\..\blocky_momot\model\input\6.xmi,statement_insertions_no_else.henshin,10,150,15000,false,,,,,5635,5.635,C:\Users\hfadhlil\blockly-maze-modeling\blocky_game\blocky_momot\output_fg_base_NSGA_II_x1_lvl6_run6
6,7,7,C:\Users\hfadhlil\blockly-maze-modeling\blocky_game\..\blocky_momot\model\input\6.xmi,statement_insertions_no_else.henshin,10,150,15000,false,,,,,5433,5.433,C:\Users\hfadhlil\blockly-maze-modeling\blocky_game\blocky_momot\output_fg_base_NSGA_II_x1_lvl6_run7
6,8,8,C:\Users\hfadhlil\blockly-maze-modeling\blocky_game\..\blocky_momot\model\input\6.xmi,statement_insertions_no_else.henshin,10,150,15000,true,2660,2.660,18,2700,2990,2.990,C:\Users\hfadhlil\blockly-maze-modeling\blocky_game\blocky_momot\output_fg_base_NSGA_II_x1_lvl6_run8
6,9,9,C:\Users\hfadhlil\blockly-maze-modeling\blocky_game\..\blocky_momot\model\input\6.xmi,statement_insertions_no_else.henshin,10,150,15000,true,702,0.702,4,600,1046,1.046,C:\Users\hfadhlil\blockly-maze-modeling\blocky_game\blocky_momot\output_fg_base_NSGA_II_x1_lvl6_run9
6,10,10,C:\Users\hfadhlil\blockly-maze-modeling\blocky_game\..\blocky_momot\model\input\6.xmi,statement_insertions_no_else.henshin,10,150,15000,false,,,,,5359,5.359,C:\Users\hfadhlil\blockly-maze-modeling\blocky_game\blocky_momot\output_fg_base_NSGA_II_x1_lvl6_run10
6,11,11,C:\Users\hfadhlil\blockly-maze-modeling\blocky_game\..\blocky_momot\model\input\6.xmi,statement_insertions_no_else.henshin,10,150,15000,false,,,,,5638,5.638,C:\Users\hfadhlil\blockly-maze-modeling\blocky_game\blocky_momot\output_fg_base_NSGA_II_x1_lvl6_run11
6,12,12,C:\Users\hfadhlil\blockly-maze-modeling\blocky_game\..\blocky_momot\model\input\6.xmi,statement_insertions_no_else.henshin,10,150,15000,false,,,,,5654,5.654,C:\Users\hfadhlil\blockly-maze-modeling\blocky_game\blocky_momot\output_fg_base_NSGA_II_x1_lvl6_run12
6,13,13,C:\Users\hfadhlil\blockly-maze-modeling\blocky_game\..\blocky_momot\model\input\6.xmi,statement_insertions_no_else.henshin,10,150,15000,false,,,,,5581,5.581,C:\Users\hfadhlil\blockly-maze-modeling\blocky_game\blocky_momot\output_fg_base_NSGA_II_x1_lvl6_run13
6,14,14,C:\Users\hfadhlil\blockly-maze-modeling\blocky_game\..\blocky_momot\model\input\6.xmi,statement_insertions_no_else.henshin,10,150,15000,true,307,0.307,2,300,677,0.677,C:\Users\hfadhlil\blockly-maze-modeling\blocky_game\blocky_momot\output_fg_base_NSGA_II_x1_lvl6_run14
6,15,15,C:\Users\hfadhlil\blockly-maze-modeling\blocky_game\..\blocky_momot\model\input\6.xmi,statement_insertions_no_else.henshin,10,150,15000,false,,,,,6122,6.122,C:\Users\hfadhlil\blockly-maze-modeling\blocky_game\blocky_momot\output_fg_base_NSGA_II_x1_lvl6_run15
6,16,16,C:\Users\hfadhlil\blockly-maze-modeling\blocky_game\..\blocky_momot\model\input\6.xmi,statement_insertions_no_else.henshin,10,150,15000,false,,,,,6998,6.998,C:\Users\hfadhlil\blockly-maze-modeling\blocky_game\blocky_momot\output_fg_base_NSGA_II_x1_lvl6_run16
6,17,17,C:\Users\hfadhlil\blockly-maze-modeling\blocky_game\..\blocky_momot\model\input\6.xmi,statement_insertions_no_else.henshin,10,150,15000,false,,,,,6519,6.519,C:\Users\hfadhlil\blockly-maze-modeling\blocky_game\blocky_momot\output_fg_base_NSGA_II_x1_lvl6_run17
6,18,18,C:\Users\hfadhlil\blockly-maze-modeling\blocky_game\..\blocky_momot\model\input\6.xmi,statement_insertions_no_else.henshin,10,150,15000,false,,,,,6208,6.208,C:\Users\hfadhlil\blockly-maze-modeling\blocky_game\blocky_momot\output_fg_base_NSGA_II_x1_lvl6_run18
6,19,19,C:\Users\hfadhlil\blockly-maze-modeling\blocky_game\..\blocky_momot\model\input\6.xmi,statement_insertions_no_else.henshin,10,150,15000,false,,,,,5932,5.932,C:\Users\hfadhlil\blockly-maze-modeling\blocky_game\blocky_momot\output_fg_base_NSGA_II_x1_lvl6_run19
6,20,20,C:\Users\hfadhlil\blockly-maze-modeling\blocky_game\..\blocky_momot\model\input\6.xmi,statement_insertions_no_else.henshin,10,150,15000,false,,,,,6498,6.498,C:\Users\hfadhlil\blockly-maze-modeling\blocky_game\blocky_momot\output_fg_base_NSGA_II_x1_lvl6_run20
7,1,1,C:\Users\hfadhlil\blockly-maze-modeling\blocky_game\..\blocky_momot\model\input\7.xmi,statement_insertions_no_else.henshin,8,150,15000,false,,,,,5054,5.054,C:\Users\hfadhlil\blockly-maze-modeling\blocky_game\blocky_momot\output_fg_base_NSGA_II_x1_lvl7_run1
7,2,2,C:\Users\hfadhlil\blockly-maze-modeling\blocky_game\..\blocky_momot\model\input\7.xmi,statement_insertions_no_else.henshin,8,150,15000,false,,,,,5556,5.556,C:\Users\hfadhlil\blockly-maze-modeling\blocky_game\blocky_momot\output_fg_base_NSGA_II_x1_lvl7_run2
7,3,3,C:\Users\hfadhlil\blockly-maze-modeling\blocky_game\..\blocky_momot\model\input\7.xmi,statement_insertions_no_else.henshin,8,150,15000,false,,,,,5663,5.663,C:\Users\hfadhlil\blockly-maze-modeling\blocky_game\blocky_momot\output_fg_base_NSGA_II_x1_lvl7_run3
7,4,4,C:\Users\hfadhlil\blockly-maze-modeling\blocky_game\..\blocky_momot\model\input\7.xmi,statement_insertions_no_else.henshin,8,150,15000,false,,,,,5212,5.212,C:\Users\hfadhlil\blockly-maze-modeling\blocky_game\blocky_momot\output_fg_base_NSGA_II_x1_lvl7_run4
7,5,5,C:\Users\hfadhlil\blockly-maze-modeling\blocky_game\..\blocky_momot\model\input\7.xmi,statement_insertions_no_else.henshin,8,150,15000,false,,,,,5424,5.424,C:\Users\hfadhlil\blockly-maze-modeling\blocky_game\blocky_momot\output_fg_base_NSGA_II_x1_lvl7_run5
7,6,6,C:\Users\hfadhlil\blockly-maze-modeling\blocky_game\..\blocky_momot\model\input\7.xmi,statement_insertions_no_else.henshin,8,150,15000,false,,,,,5706,5.706,C:\Users\hfadhlil\blockly-maze-modeling\blocky_game\blocky_momot\output_fg_base_NSGA_II_x1_lvl7_run6
7,7,7,C:\Users\hfadhlil\blockly-maze-modeling\blocky_game\..\blocky_momot\model\input\7.xmi,statement_insertions_no_else.henshin,8,150,15000,false,,,,,5287,5.287,C:\Users\hfadhlil\blockly-maze-modeling\blocky_game\blocky_momot\output_fg_base_NSGA_II_x1_lvl7_run7
7,8,8,C:\Users\hfadhlil\blockly-maze-modeling\blocky_game\..\blocky_momot\model\input\7.xmi,statement_insertions_no_else.henshin,8,150,15000,true,1408,1.408,9,1350,1806,1.806,C:\Users\hfadhlil\blockly-maze-modeling\blocky_game\blocky_momot\output_fg_base_NSGA_II_x1_lvl7_run8
7,9,9,C:\Users\hfadhlil\blockly-maze-modeling\blocky_game\..\blocky_momot\model\input\7.xmi,statement_insertions_no_else.henshin,8,150,15000,false,,,,,4957,4.957,C:\Users\hfadhlil\blockly-maze-modeling\blocky_game\blocky_momot\output_fg_base_NSGA_II_x1_lvl7_run9
7,10,10,C:\Users\hfadhlil\blockly-maze-modeling\blocky_game\..\blocky_momot\model\input\7.xmi,statement_insertions_no_else.henshin,8,150,15000,false,,,,,5981,5.981,C:\Users\hfadhlil\blockly-maze-modeling\blocky_game\blocky_momot\output_fg_base_NSGA_II_x1_lvl7_run10
7,11,11,C:\Users\hfadhlil\blockly-maze-modeling\blocky_game\..\blocky_momot\model\input\7.xmi,statement_insertions_no_else.henshin,8,150,15000,true,1,0.001,1,150,318,0.318,C:\Users\hfadhlil\blockly-maze-modeling\blocky_game\blocky_momot\output_fg_base_NSGA_II_x1_lvl7_run11
7,12,12,C:\Users\hfadhlil\blockly-maze-modeling\blocky_game\..\blocky_momot\model\input\7.xmi,statement_insertions_no_else.henshin,8,150,15000,false,,,,,5551,5.551,C:\Users\hfadhlil\blockly-maze-modeling\blocky_game\blocky_momot\output_fg_base_NSGA_II_x1_lvl7_run12
7,13,13,C:\Users\hfadhlil\blockly-maze-modeling\blocky_game\..\blocky_momot\model\input\7.xmi,statement_insertions_no_else.henshin,8,150,15000,false,,,,,4923,4.923,C:\Users\hfadhlil\blockly-maze-modeling\blocky_game\blocky_momot\output_fg_base_NSGA_II_x1_lvl7_run13
7,14,14,C:\Users\hfadhlil\blockly-maze-modeling\blocky_game\..\blocky_momot\model\input\7.xmi,statement_insertions_no_else.henshin,8,150,15000,false,,,,,5075,5.075,C:\Users\hfadhlil\blockly-maze-modeling\blocky_game\blocky_momot\output_fg_base_NSGA_II_x1_lvl7_run14
7,15,15,C:\Users\hfadhlil\blockly-maze-modeling\blocky_game\..\blocky_momot\model\input\7.xmi,statement_insertions_no_else.henshin,8,150,15000,false,,,,,4851,4.851,C:\Users\hfadhlil\blockly-maze-modeling\blocky_game\blocky_momot\output_fg_base_NSGA_II_x1_lvl7_run15
7,16,16,C:\Users\hfadhlil\blockly-maze-modeling\blocky_game\..\blocky_momot\model\input\7.xmi,statement_insertions_no_else.henshin,8,150,15000,false,,,,,4991,4.991,C:\Users\hfadhlil\blockly-maze-modeling\blocky_game\blocky_momot\output_fg_base_NSGA_II_x1_lvl7_run16
7,17,17,C:\Users\hfadhlil\blockly-maze-modeling\blocky_game\..\blocky_momot\model\input\7.xmi,statement_insertions_no_else.henshin,8,150,15000,false,,,,,4742,4.742,C:\Users\hfadhlil\blockly-maze-modeling\blocky_game\blocky_momot\output_fg_base_NSGA_II_x1_lvl7_run17
7,18,18,C:\Users\hfadhlil\blockly-maze-modeling\blocky_game\..\blocky_momot\model\input\7.xmi,statement_insertions_no_else.henshin,8,150,15000,false,,,,,5491,5.491,C:\Users\hfadhlil\blockly-maze-modeling\blocky_game\blocky_momot\output_fg_base_NSGA_II_x1_lvl7_run18
7,19,19,C:\Users\hfadhlil\blockly-maze-modeling\blocky_game\..\blocky_momot\model\input\7.xmi,statement_insertions_no_else.henshin,8,150,15000,false,,,,,5210,5.210,C:\Users\hfadhlil\blockly-maze-modeling\blocky_game\blocky_momot\output_fg_base_NSGA_II_x1_lvl7_run19
7,20,20,C:\Users\hfadhlil\blockly-maze-modeling\blocky_game\..\blocky_momot\model\input\7.xmi,statement_insertions_no_else.henshin,8,150,15000,false,,,,,4902,4.902,C:\Users\hfadhlil\blockly-maze-modeling\blocky_game\blocky_momot\output_fg_base_NSGA_II_x1_lvl7_run20
8,1,1,C:\Users\hfadhlil\blockly-maze-modeling\blocky_game\..\blocky_momot\model\input\8.xmi,statement_insertions_henshin_text.henshin,12,150,15000,false,,,,,7804,7.804,C:\Users\hfadhlil\blockly-maze-modeling\blocky_game\blocky_momot\output_fg_base_NSGA_II_x1_lvl8_run1
8,2,2,C:\Users\hfadhlil\blockly-maze-modeling\blocky_game\..\blocky_momot\model\input\8.xmi,statement_insertions_henshin_text.henshin,12,150,15000,false,,,,,8210,8.210,C:\Users\hfadhlil\blockly-maze-modeling\blocky_game\blocky_momot\output_fg_base_NSGA_II_x1_lvl8_run2
8,3,3,C:\Users\hfadhlil\blockly-maze-modeling\blocky_game\..\blocky_momot\model\input\8.xmi,statement_insertions_henshin_text.henshin,12,150,15000,false,,,,,7371,7.371,C:\Users\hfadhlil\blockly-maze-modeling\blocky_game\blocky_momot\output_fg_base_NSGA_II_x1_lvl8_run3
8,4,4,C:\Users\hfadhlil\blockly-maze-modeling\blocky_game\..\blocky_momot\model\input\8.xmi,statement_insertions_henshin_text.henshin,12,150,15000,false,,,,,6850,6.850,C:\Users\hfadhlil\blockly-maze-modeling\blocky_game\blocky_momot\output_fg_base_NSGA_II_x1_lvl8_run4
8,5,5,C:\Users\hfadhlil\blockly-maze-modeling\blocky_game\..\blocky_momot\model\input\8.xmi,statement_insertions_henshin_text.henshin,12,150,15000,false,,,,,7442,7.442,C:\Users\hfadhlil\blockly-maze-modeling\blocky_game\blocky_momot\output_fg_base_NSGA_II_x1_lvl8_run5
8,6,6,C:\Users\hfadhlil\blockly-maze-modeling\blocky_game\..\blocky_momot\model\input\8.xmi,statement_insertions_henshin_text.henshin,12,150,15000,false,,,,,7045,7.045,C:\Users\hfadhlil\blockly-maze-modeling\blocky_game\blocky_momot\output_fg_base_NSGA_II_x1_lvl8_run6
8,7,7,C:\Users\hfadhlil\blockly-maze-modeling\blocky_game\..\blocky_momot\model\input\8.xmi,statement_insertions_henshin_text.henshin,12,150,15000,false,,,,,7663,7.663,C:\Users\hfadhlil\blockly-maze-modeling\blocky_game\blocky_momot\output_fg_base_NSGA_II_x1_lvl8_run7
8,8,8,C:\Users\hfadhlil\blockly-maze-modeling\blocky_game\..\blocky_momot\model\input\8.xmi,statement_insertions_henshin_text.henshin,12,150,15000,false,,,,,7037,7.037,C:\Users\hfadhlil\blockly-maze-modeling\blocky_game\blocky_momot\output_fg_base_NSGA_II_x1_lvl8_run8
8,9,9,C:\Users\hfadhlil\blockly-maze-modeling\blocky_game\..\blocky_momot\model\input\8.xmi,statement_insertions_henshin_text.henshin,12,150,15000,false,,,,,7503,7.503,C:\Users\hfadhlil\blockly-maze-modeling\blocky_game\blocky_momot\output_fg_base_NSGA_II_x1_lvl8_run9
8,10,10,C:\Users\hfadhlil\blockly-maze-modeling\blocky_game\..\blocky_momot\model\input\8.xmi,statement_insertions_henshin_text.henshin,12,150,15000,false,,,,,7016,7.016,C:\Users\hfadhlil\blockly-maze-modeling\blocky_game\blocky_momot\output_fg_base_NSGA_II_x1_lvl8_run10
8,11,11,C:\Users\hfadhlil\blockly-maze-modeling\blocky_game\..\blocky_momot\model\input\8.xmi,statement_insertions_henshin_text.henshin,12,150,15000,false,,,,,6671,6.671,C:\Users\hfadhlil\blockly-maze-modeling\blocky_game\blocky_momot\output_fg_base_NSGA_II_x1_lvl8_run11
8,12,12,C:\Users\hfadhlil\blockly-maze-modeling\blocky_game\..\blocky_momot\model\input\8.xmi,statement_insertions_henshin_text.henshin,12,150,15000,false,,,,,6781,6.781,C:\Users\hfadhlil\blockly-maze-modeling\blocky_game\blocky_momot\output_fg_base_NSGA_II_x1_lvl8_run12
8,13,13,C:\Users\hfadhlil\blockly-maze-modeling\blocky_game\..\blocky_momot\model\input\8.xmi,statement_insertions_henshin_text.henshin,12,150,15000,false,,,,,6940,6.940,C:\Users\hfadhlil\blockly-maze-modeling\blocky_game\blocky_momot\output_fg_base_NSGA_II_x1_lvl8_run13
8,14,14,C:\Users\hfadhlil\blockly-maze-modeling\blocky_game\..\blocky_momot\model\input\8.xmi,statement_insertions_henshin_text.henshin,12,150,15000,false,,,,,6649,6.649,C:\Users\hfadhlil\blockly-maze-modeling\blocky_game\blocky_momot\output_fg_base_NSGA_II_x1_lvl8_run14
8,15,15,C:\Users\hfadhlil\blockly-maze-modeling\blocky_game\..\blocky_momot\model\input\8.xmi,statement_insertions_henshin_text.henshin,12,150,15000,false,,,,,6864,6.864,C:\Users\hfadhlil\blockly-maze-modeling\blocky_game\blocky_momot\output_fg_base_NSGA_II_x1_lvl8_run15
8,16,16,C:\Users\hfadhlil\blockly-maze-modeling\blocky_game\..\blocky_momot\model\input\8.xmi,statement_insertions_henshin_text.henshin,12,150,15000,false,,,,,7999,7.999,C:\Users\hfadhlil\blockly-maze-modeling\blocky_game\blocky_momot\output_fg_base_NSGA_II_x1_lvl8_run16
8,17,17,C:\Users\hfadhlil\blockly-maze-modeling\blocky_game\..\blocky_momot\model\input\8.xmi,statement_insertions_henshin_text.henshin,12,150,15000,false,,,,,6851,6.851,C:\Users\hfadhlil\blockly-maze-modeling\blocky_game\blocky_momot\output_fg_base_NSGA_II_x1_lvl8_run17
8,18,18,C:\Users\hfadhlil\blockly-maze-modeling\blocky_game\..\blocky_momot\model\input\8.xmi,statement_insertions_henshin_text.henshin,12,150,15000,false,,,,,7657,7.657,C:\Users\hfadhlil\blockly-maze-modeling\blocky_game\blocky_momot\output_fg_base_NSGA_II_x1_lvl8_run18
8,19,19,C:\Users\hfadhlil\blockly-maze-modeling\blocky_game\..\blocky_momot\model\input\8.xmi,statement_insertions_henshin_text.henshin,12,150,15000,false,,,,,7052,7.052,C:\Users\hfadhlil\blockly-maze-modeling\blocky_game\blocky_momot\output_fg_base_NSGA_II_x1_lvl8_run19
8,20,20,C:\Users\hfadhlil\blockly-maze-modeling\blocky_game\..\blocky_momot\model\input\8.xmi,statement_insertions_henshin_text.henshin,12,150,15000,false,,,,,7336,7.336,C:\Users\hfadhlil\blockly-maze-modeling\blocky_game\blocky_momot\output_fg_base_NSGA_II_x1_lvl8_run20
9,1,1,C:\Users\hfadhlil\blockly-maze-modeling\blocky_game\..\blocky_momot\model\input\9.xmi,statement_insertions_henshin_text.henshin,8,150,15000,false,,,,,5956,5.956,C:\Users\hfadhlil\blockly-maze-modeling\blocky_game\blocky_momot\output_fg_base_NSGA_II_x1_lvl9_run1
9,2,2,C:\Users\hfadhlil\blockly-maze-modeling\blocky_game\..\blocky_momot\model\input\9.xmi,statement_insertions_henshin_text.henshin,8,150,15000,false,,,,,5605,5.605,C:\Users\hfadhlil\blockly-maze-modeling\blocky_game\blocky_momot\output_fg_base_NSGA_II_x1_lvl9_run2
9,3,3,C:\Users\hfadhlil\blockly-maze-modeling\blocky_game\..\blocky_momot\model\input\9.xmi,statement_insertions_henshin_text.henshin,8,150,15000,false,,,,,5530,5.530,C:\Users\hfadhlil\blockly-maze-modeling\blocky_game\blocky_momot\output_fg_base_NSGA_II_x1_lvl9_run3
9,4,4,C:\Users\hfadhlil\blockly-maze-modeling\blocky_game\..\blocky_momot\model\input\9.xmi,statement_insertions_henshin_text.henshin,8,150,15000,false,,,,,7468,7.468,C:\Users\hfadhlil\blockly-maze-modeling\blocky_game\blocky_momot\output_fg_base_NSGA_II_x1_lvl9_run4
9,5,5,C:\Users\hfadhlil\blockly-maze-modeling\blocky_game\..\blocky_momot\model\input\9.xmi,statement_insertions_henshin_text.henshin,8,150,15000,false,,,,,6054,6.054,C:\Users\hfadhlil\blockly-maze-modeling\blocky_game\blocky_momot\output_fg_base_NSGA_II_x1_lvl9_run5
9,6,6,C:\Users\hfadhlil\blockly-maze-modeling\blocky_game\..\blocky_momot\model\input\9.xmi,statement_insertions_henshin_text.henshin,8,150,15000,false,,,,,5990,5.990,C:\Users\hfadhlil\blockly-maze-modeling\blocky_game\blocky_momot\output_fg_base_NSGA_II_x1_lvl9_run6
9,7,7,C:\Users\hfadhlil\blockly-maze-modeling\blocky_game\..\blocky_momot\model\input\9.xmi,statement_insertions_henshin_text.henshin,8,150,15000,false,,,,,5508,5.508,C:\Users\hfadhlil\blockly-maze-modeling\blocky_game\blocky_momot\output_fg_base_NSGA_II_x1_lvl9_run7
9,8,8,C:\Users\hfadhlil\blockly-maze-modeling\blocky_game\..\blocky_momot\model\input\9.xmi,statement_insertions_henshin_text.henshin,8,150,15000,false,,,,,5376,5.376,C:\Users\hfadhlil\blockly-maze-modeling\blocky_game\blocky_momot\output_fg_base_NSGA_II_x1_lvl9_run8
9,9,9,C:\Users\hfadhlil\blockly-maze-modeling\blocky_game\..\blocky_momot\model\input\9.xmi,statement_insertions_henshin_text.henshin,8,150,15000,false,,,,,5415,5.415,C:\Users\hfadhlil\blockly-maze-modeling\blocky_game\blocky_momot\output_fg_base_NSGA_II_x1_lvl9_run9
9,10,10,C:\Users\hfadhlil\blockly-maze-modeling\blocky_game\..\blocky_momot\model\input\9.xmi,statement_insertions_henshin_text.henshin,8,150,15000,false,,,,,5318,5.318,C:\Users\hfadhlil\blockly-maze-modeling\blocky_game\blocky_momot\output_fg_base_NSGA_II_x1_lvl9_run10
9,11,11,C:\Users\hfadhlil\blockly-maze-modeling\blocky_game\..\blocky_momot\model\input\9.xmi,statement_insertions_henshin_text.henshin,8,150,15000,false,,,,,5761,5.761,C:\Users\hfadhlil\blockly-maze-modeling\blocky_game\blocky_momot\output_fg_base_NSGA_II_x1_lvl9_run11
9,12,12,C:\Users\hfadhlil\blockly-maze-modeling\blocky_game\..\blocky_momot\model\input\9.xmi,statement_insertions_henshin_text.henshin,8,150,15000,false,,,,,5922,5.922,C:\Users\hfadhlil\blockly-maze-modeling\blocky_game\blocky_momot\output_fg_base_NSGA_II_x1_lvl9_run12
9,13,13,C:\Users\hfadhlil\blockly-maze-modeling\blocky_game\..\blocky_momot\model\input\9.xmi,statement_insertions_henshin_text.henshin,8,150,15000,false,,,,,5213,5.213,C:\Users\hfadhlil\blockly-maze-modeling\blocky_game\blocky_momot\output_fg_base_NSGA_II_x1_lvl9_run13
9,14,14,C:\Users\hfadhlil\blockly-maze-modeling\blocky_game\..\blocky_momot\model\input\9.xmi,statement_insertions_henshin_text.henshin,8,150,15000,false,,,,,5463,5.463,C:\Users\hfadhlil\blockly-maze-modeling\blocky_game\blocky_momot\output_fg_base_NSGA_II_x1_lvl9_run14
9,15,15,C:\Users\hfadhlil\blockly-maze-modeling\blocky_game\..\blocky_momot\model\input\9.xmi,statement_insertions_henshin_text.henshin,8,150,15000,false,,,,,5702,5.702,C:\Users\hfadhlil\blockly-maze-modeling\blocky_game\blocky_momot\output_fg_base_NSGA_II_x1_lvl9_run15
9,16,16,C:\Users\hfadhlil\blockly-maze-modeling\blocky_game\..\blocky_momot\model\input\9.xmi,statement_insertions_henshin_text.henshin,8,150,15000,false,,,,,5550,5.550,C:\Users\hfadhlil\blockly-maze-modeling\blocky_game\blocky_momot\output_fg_base_NSGA_II_x1_lvl9_run16
9,17,17,C:\Users\hfadhlil\blockly-maze-modeling\blocky_game\..\blocky_momot\model\input\9.xmi,statement_insertions_henshin_text.henshin,8,150,15000,false,,,,,5613,5.613,C:\Users\hfadhlil\blockly-maze-modeling\blocky_game\blocky_momot\output_fg_base_NSGA_II_x1_lvl9_run17
9,18,18,C:\Users\hfadhlil\blockly-maze-modeling\blocky_game\..\blocky_momot\model\input\9.xmi,statement_insertions_henshin_text.henshin,8,150,15000,false,,,,,5505,5.505,C:\Users\hfadhlil\blockly-maze-modeling\blocky_game\blocky_momot\output_fg_base_NSGA_II_x1_lvl9_run18
9,19,19,C:\Users\hfadhlil\blockly-maze-modeling\blocky_game\..\blocky_momot\model\input\9.xmi,statement_insertions_henshin_text.henshin,8,150,15000,false,,,,,5550,5.550,C:\Users\hfadhlil\blockly-maze-modeling\blocky_game\blocky_momot\output_fg_base_NSGA_II_x1_lvl9_run19
9,20,20,C:\Users\hfadhlil\blockly-maze-modeling\blocky_game\..\blocky_momot\model\input\9.xmi,statement_insertions_henshin_text.henshin,8,150,15000,true,186,0.186,2,300,464,0.464,C:\Users\hfadhlil\blockly-maze-modeling\blocky_game\blocky_momot\output_fg_base_NSGA_II_x1_lvl9_run20
10,1,1,C:\Users\hfadhlil\blockly-maze-modeling\blocky_game\..\blocky_momot\model\input\10.xmi,statement_insertions_henshin_text.henshin,38,150,15000,false,,,,,47086,47.086,C:\Users\hfadhlil\blockly-maze-modeling\blocky_game\blocky_momot\output_fg_base_NSGA_II_x1_lvl10_run1
10,2,2,C:\Users\hfadhlil\blockly-maze-modeling\blocky_game\..\blocky_momot\model\input\10.xmi,statement_insertions_henshin_text.henshin,38,150,15000,false,,,,,50289,50.289,C:\Users\hfadhlil\blockly-maze-modeling\blocky_game\blocky_momot\output_fg_base_NSGA_II_x1_lvl10_run2
10,3,3,C:\Users\hfadhlil\blockly-maze-modeling\blocky_game\..\blocky_momot\model\input\10.xmi,statement_insertions_henshin_text.henshin,38,150,15000,false,,,,,46032,46.032,C:\Users\hfadhlil\blockly-maze-modeling\blocky_game\blocky_momot\output_fg_base_NSGA_II_x1_lvl10_run3
10,4,4,C:\Users\hfadhlil\blockly-maze-modeling\blocky_game\..\blocky_momot\model\input\10.xmi,statement_insertions_henshin_text.henshin,38,150,15000,false,,,,,48924,48.924,C:\Users\hfadhlil\blockly-maze-modeling\blocky_game\blocky_momot\output_fg_base_NSGA_II_x1_lvl10_run4
10,5,5,C:\Users\hfadhlil\blockly-maze-modeling\blocky_game\..\blocky_momot\model\input\10.xmi,statement_insertions_henshin_text.henshin,38,150,15000,false,,,,,58285,58.285,C:\Users\hfadhlil\blockly-maze-modeling\blocky_game\blocky_momot\output_fg_base_NSGA_II_x1_lvl10_run5
10,6,6,C:\Users\hfadhlil\blockly-maze-modeling\blocky_game\..\blocky_momot\model\input\10.xmi,statement_insertions_henshin_text.henshin,38,150,15000,false,,,,,51227,51.227,C:\Users\hfadhlil\blockly-maze-modeling\blocky_game\blocky_momot\output_fg_base_NSGA_II_x1_lvl10_run6
10,7,7,C:\Users\hfadhlil\blockly-maze-modeling\blocky_game\..\blocky_momot\model\input\10.xmi,statement_insertions_henshin_text.henshin,38,150,15000,false,,,,,53776,53.776,C:\Users\hfadhlil\blockly-maze-modeling\blocky_game\blocky_momot\output_fg_base_NSGA_II_x1_lvl10_run7
10,8,8,C:\Users\hfadhlil\blockly-maze-modeling\blocky_game\..\blocky_momot\model\input\10.xmi,statement_insertions_henshin_text.henshin,38,150,15000,false,,,,,51787,51.787,C:\Users\hfadhlil\blockly-maze-modeling\blocky_game\blocky_momot\output_fg_base_NSGA_II_x1_lvl10_run8
10,9,9,C:\Users\hfadhlil\blockly-maze-modeling\blocky_game\..\blocky_momot\model\input\10.xmi,statement_insertions_henshin_text.henshin,38,150,15000,false,,,,,47484,47.484,C:\Users\hfadhlil\blockly-maze-modeling\blocky_game\blocky_momot\output_fg_base_NSGA_II_x1_lvl10_run9
10,10,10,C:\Users\hfadhlil\blockly-maze-modeling\blocky_game\..\blocky_momot\model\input\10.xmi,statement_insertions_henshin_text.henshin,38,150,15000,false,,,,,49396,49.396,C:\Users\hfadhlil\blockly-maze-modeling\blocky_game\blocky_momot\output_fg_base_NSGA_II_x1_lvl10_run10
10,11,11,C:\Users\hfadhlil\blockly-maze-modeling\blocky_game\..\blocky_momot\model\input\10.xmi,statement_insertions_henshin_text.henshin,38,150,15000,false,,,,,53037,53.037,C:\Users\hfadhlil\blockly-maze-modeling\blocky_game\blocky_momot\output_fg_base_NSGA_II_x1_lvl10_run11
10,12,12,C:\Users\hfadhlil\blockly-maze-modeling\blocky_game\..\blocky_momot\model\input\10.xmi,statement_insertions_henshin_text.henshin,38,150,15000,false,,,,,49438,49.438,C:\Users\hfadhlil\blockly-maze-modeling\blocky_game\blocky_momot\output_fg_base_NSGA_II_x1_lvl10_run12
10,13,13,C:\Users\hfadhlil\blockly-maze-modeling\blocky_game\..\blocky_momot\model\input\10.xmi,statement_insertions_henshin_text.henshin,38,150,15000,false,,,,,50927,50.927,C:\Users\hfadhlil\blockly-maze-modeling\blocky_game\blocky_momot\output_fg_base_NSGA_II_x1_lvl10_run13
10,14,14,C:\Users\hfadhlil\blockly-maze-modeling\blocky_game\..\blocky_momot\model\input\10.xmi,statement_insertions_henshin_text.henshin,38,150,15000,false,,,,,46779,46.779,C:\Users\hfadhlil\blockly-maze-modeling\blocky_game\blocky_momot\output_fg_base_NSGA_II_x1_lvl10_run14
10,15,15,C:\Users\hfadhlil\blockly-maze-modeling\blocky_game\..\blocky_momot\model\input\10.xmi,statement_insertions_henshin_text.henshin,38,150,15000,false,,,,,59468,59.468,C:\Users\hfadhlil\blockly-maze-modeling\blocky_game\blocky_momot\output_fg_base_NSGA_II_x1_lvl10_run15
10,16,16,C:\Users\hfadhlil\blockly-maze-modeling\blocky_game\..\blocky_momot\model\input\10.xmi,statement_insertions_henshin_text.henshin,38,150,15000,false,,,,,52740,52.740,C:\Users\hfadhlil\blockly-maze-modeling\blocky_game\blocky_momot\output_fg_base_NSGA_II_x1_lvl10_run16
10,17,17,C:\Users\hfadhlil\blockly-maze-modeling\blocky_game\..\blocky_momot\model\input\10.xmi,statement_insertions_henshin_text.henshin,38,150,15000,false,,,,,48580,48.580,C:\Users\hfadhlil\blockly-maze-modeling\blocky_game\blocky_momot\output_fg_base_NSGA_II_x1_lvl10_run17
10,18,18,C:\Users\hfadhlil\blockly-maze-modeling\blocky_game\..\blocky_momot\model\input\10.xmi,statement_insertions_henshin_text.henshin,38,150,15000,false,,,,,50273,50.273,C:\Users\hfadhlil\blockly-maze-modeling\blocky_game\blocky_momot\output_fg_base_NSGA_II_x1_lvl10_run18
10,19,19,C:\Users\hfadhlil\blockly-maze-modeling\blocky_game\..\blocky_momot\model\input\10.xmi,statement_insertions_henshin_text.henshin,38,150,15000,false,,,,,49734,49.734,C:\Users\hfadhlil\blockly-maze-modeling\blocky_game\blocky_momot\output_fg_base_NSGA_II_x1_lvl10_run19
10,20,20,C:\Users\hfadhlil\blockly-maze-modeling\blocky_game\..\blocky_momot\model\input\10.xmi,statement_insertions_henshin_text.henshin,38,150,15000,false,,,,,49701,49.701,C:\Users\hfadhlil\blockly-maze-modeling\blocky_game\blocky_momot\output_fg_base_NSGA_II_x1_lvl10_run20
