level,ruleSet,maxBlocks,programs,solutions,minSolutionBlocks,simMismatch,distanceMismatch,officialDiffersFromMinVisited,objective,spearmanAll,spearmanMaxSize,quantileDist1,quantileDist2,programsDist1,closerBetter,closerWorse,fartherBetter,fartherWorse,closerPairs,fartherPairs,localOptimaShare,localOptimaMeanDist,meanDistAll,distinctValues,plateauShare
level7,no_else,6,4612469,1948,4,0,0,103093,closestToGoal_official,0.0117,0.0123,0.7110,0.6247,17029,0.0460,0.0474,0.0474,0.0460,18905267,18905267,0.4911,6.036,6.028,11,0.8289
level7,no_else,6,4612469,1948,4,0,0,103093,minDistanceVisited,0.0178,0.0186,0.7313,0.6315,17029,0.0452,0.0469,0.0469,0.0452,18905267,18905267,0.4910,6.040,6.028,11,0.8281
level7,no_else,6,4612469,1948,4,0,0,103093,finalDistance,0.0155,0.0162,0.7126,0.6261,17029,0.0453,0.0470,0.0470,0.0453,18905267,18905267,0.4923,6.034,6.028,11,0.8292
level7,no_else,6,4612469,1948,4,0,0,103093,minDist_thenNoCrash,-0.4239,-0.4252,0.6483,0.5165,17029,0.0588,0.0998,0.0998,0.0588,18905267,18905267,0.4033,6.100,6.028,17,0.4379
level7,no_else,6,4612469,1948,4,0,0,103093,minDist_thenCells,0.0178,0.0186,0.7328,0.6316,17029,0.0453,0.0469,0.0469,0.0453,18905267,18905267,0.4907,6.042,6.028,17,0.8281
level7,no_else,6,4612469,1948,4,0,0,103093,minDist_thenNoCrash_thenCells,-0.4239,-0.4252,0.6497,0.5166,17029,0.0589,0.0999,0.0999,0.0589,18905267,18905267,0.4031,6.102,6.028,24,0.4379
level7,no_else,6,4612469,1948,4,0,0,103093,cellsVisited,0.0178,0.0186,0.7328,0.6316,17029,0.0452,0.0469,0.0469,0.0452,18905267,18905267,0.4911,6.038,6.028,14,0.8281
level7,no_else,6,4612469,1948,4,0,0,103093,suffixCoverage,0.0050,0.0059,0.7134,0.6203,17029,0.0417,0.0398,0.0398,0.0417,18905267,18905267,0.5538,6.062,6.028,11,0.8213
level7,no_else,6,4612469,1948,4,0,0,103093,routeFollowing,-0.0260,-0.0249,0.7667,0.6532,17029,0.0648,0.0759,0.0759,0.0648,18905267,18905267,0.3810,5.877,6.028,50,0.7495
level7,no_else,6,4612469,1948,4,0,0,103093,programShape,0.8798,0.8922,0.8452,0.8445,17029,0.0364,0.0094,0.0094,0.0364,18905267,18905267,0.9552,6.030,6.028,3,0.3824
