level,distance,programs,mean_closestToGoal_official,mean_minDistanceVisited,mean_finalDistance,mean_minDist_thenNoCrash,mean_minDist_thenCells,mean_minDist_thenNoCrash_thenCells,mean_cellsVisited,mean_suffixCoverage,mean_routeFollowing,mean_programShape
level8,0,4,0.000,0.000,0.000,0.000,982.000,982.000,982.000,984.750,99878.000,0.000
level8,1,42,15.333,15.238,15.333,61.952,16235.333,62949.619,997.238,999.405,99993.000,0.000
level8,2,682,15.330,15.239,15.330,61.956,16236.242,62953.251,997.239,999.441,99993.150,0.000
level8,3,2154,15.709,15.673,15.710,63.691,16670.375,64688.481,997.673,999.677,99997.681,0.000
level8,4,15309,15.705,15.700,15.707,63.800,16697.811,64798.144,997.700,999.736,99997.694,0.000
level8,5,11702,15.587,15.578,15.589,63.313,16575.941,64310.944,997.578,999.576,99997.069,0.002
level8,6,67532,15.798,15.804,15.804,64.214,16801.363,65211.954,997.804,999.802,99998.515,0.004
level8,7,5771,15.803,15.821,15.821,64.272,16818.996,65269.871,997.821,999.818,99998.536,0.981
level8,8,126951,15.800,15.823,15.823,64.283,16821.117,65280.901,997.823,999.821,99998.537,0.951
level8,9,31704,15.766,15.821,15.821,63.446,16818.348,64443.537,997.821,999.820,99998.378,1.678
level8,10,752310,15.758,15.814,15.815,63.457,16812.294,64454.465,997.814,999.814,99998.325,1.557
